{
    "C": {
        "USS": -51.54822036131656,
        "UPP": -38.7732250983648,
        "ZS": 1.8096566228866577,
        "ZP": 1.7370010777761982,
        "BETAS": -13.457778612633566,
        "BETAP": -6.995520344876914,
        "ALP": 2.6435486655682325,
        "GSS": 12.255249942392112,
        "GPP": 10.936078586757183,
        "GSP": 11.233127242646015,
        "GP2": 9.722484437932511,
        "HSP": 1.8468645805120467
    },
    "H": {
        "USS": -11.971456118941306,
        "ZS": 1.246901309478588,
        "BETAS": -5.594552575111389,
        "ALP": 2.864279449187219,
        "GSS": 13.437223604112864
    },
    "N": {
        "USS": -68.8180255220458,
        "UPP": -51.456428339481356,
        "ZS": 2.161712886571884,
        "ZP": 1.9625414009094237,
        "BETAS": -16.61930630707741,
        "BETAP": -14.235630093336106,
        "ALP": 2.8482432733774186,
        "GSS": 13.065001533508301,
        "GPP": 12.843504645705224,
        "GSP": 11.563134849071503,
        "GP2": 11.201903036117555,
        "HSP": 3.106737264037132
    },
    "O": {
        "USS": -96.85133693933486,
        "UPP": -75.74836999869348,
        "ZS": 3.605267517089844,
        "ZP": 2.430661033034325,
        "BETAS": -30.985383334636687,
        "BETAP": -21.983819038629534,
        "ALP": 3.59805164372921,
        "GSS": 14.807587446928025,
        "GPP": 14.176538775801658,
        "GSP": 14.150630173683167,
        "GP2": 12.554420284916551,
        "HSP": 3.2278487564325333
    }
}