{
    "C": {
        "USS": -53.74021892933221,
        "UPP": -39.007613239609526,
        "ZS": 1.7961695589958122,
        "ZP": 2.0191764244116195,
        "BETAS": -12.710377475456973,
        "BETAP": -8.91621835209485,
        "ALP": 2.5287933098613964,
        "GSS": 13.304760302146926,
        "GPP": 10.748366196267616,
        "GSP": 11.776870489798519,
        "GP2": 9.664978779967111,
        "HSP": 2.108590574861915
    },
    "H": {
        "USS": -11.950633208450958,
        "ZS": 1.0641233199913671,
        "BETAS": -3.1249654464193997,
        "ALP": 2.49382320011439,
        "GSS": 13.62866992329528
    },
    "N": {
        "USS": -73.79465957951993,
        "UPP": -54.46578283858114,
        "ZS": 1.8935182233771575,
        "ZP": 2.2841085253955438,
        "BETAS": -16.71457989186248,
        "BETAP": -15.311481341239416,
        "ALP": 3.0658649466082646,
        "GSS": 10.71410671920834,
        "GPP": 13.460413825595344,
        "GSP": 12.426923365435812,
        "GP2": 12.35258769556677,
        "HSP": 1.8358808123332346
    },
    "O": {
        "USS": -92.49808907528504,
        "UPP": -74.56018853709509,
        "ZS": 4.577145827616634,
        "ZP": 3.0741829580134548,
        "BETAS": -52.756203650275324,
        "BETAP": -21.777893168459624,
        "ALP": 4.045925992342294,
        "GSS": 12.997679263031701,
        "GPP": 15.134807906004355,
        "GSP": 10.02369612685332,
        "GP2": 13.285070240343533,
        "HSP": 4.122167827441782
    }
}