{"C": {"USS": -49.57296027639097, "UPP": -37.84492274413881, "ZS": 1.6399319304870745, "ZP": 1.7834173388106402, "BETAS": -15.398475702255128, "BETAP": -6.654989010244459, "ALP": 2.7511543362208517, "GSS": 12.048369355380247, "GPP": 10.867307550075568, "GSP": 10.894474914507235, "GP2": 9.819202325535857, "HSP": 1.3708284992964335, "EHEAT": -3.6726846761229446}, "H": {"USS": -11.927597668274656, "ZS": 1.3671760531498582, "BETAS": -6.5681550332970176, "ALP": 2.731624382129171, "GSS": 13.554875908855692, "EHEAT": -13.787766376803498}, "N": {"USS": -72.52492010622561, "UPP": -44.202314044198445, "ZS": 2.4860709025682755, "ZP": 1.809096993282411, "BETAS": -18.207324785646996, "BETAP": -10.720782533117818, "ALP": 2.9028090175743366, "GSS": 13.491629761575494, "GPP": 11.812820440117495, "GSP": 10.407271143340653, "GP2": 10.7014658745421, "HSP": 3.92799605189758, "EHEAT": -28.60770842425721}, "O": {"USS": -97.74059850151467, "UPP": -73.76854098804901, "ZS": 2.3777228884978348, "ZP": 2.681573987678962, "BETAS": -24.546425880050187, "BETAP": -29.556333940835067, "ALP": 3.1602060238938057, "GSS": 15.528316407095438, "GPP": 13.802038622590027, "GSP": 14.721025026308412, "GP2": 12.29172710190925, "HSP": 4.983476424123818, "EHEAT": -6.515179564157288}}