{"C": {"USS": -50.559119311485574, "UPP": -38.439333639998864, "ZS": 1.6986571417216347, "ZP": 1.795502208862548, "BETAS": -15.410326254763046, "BETAP": -8.291094514706264, "ALP": 2.6036431677486487, "GSS": 11.609818197163806, "GPP": 11.016396702393921, "GSP": 11.604582138626085, "GP2": 9.495056784080061, "HSP": 2.234920849162986}, "H": {"USS": -11.674293462386748, "ZS": 1.1110177194518782, "BETAS": -4.840585381611666, "ALP": 3.201561350209155, "GSS": 13.019673608428311}, "N": {"USS": -62.5149488548156, "UPP": -50.237162405129936, "ZS": 2.621287747038178, "ZP": 2.0079592854843855, "BETAS": -20.275301662336165, "BETAP": -18.44427340687416, "ALP": 2.844355500666934, "GSS": 12.636210877680021, "GPP": 13.480984021668107, "GSP": 10.899146713829513, "GP2": 11.538411199240446, "HSP": 2.8525515365358616}, "O": {"USS": -100.9246887718362, "UPP": -72.65134001005976, "ZS": 2.847860881594107, "ZP": 2.6027703567896516, "BETAS": -41.75620974468757, "BETAP": -19.505373482351743, "ALP": 3.767933366380383, "GSS": 14.69236850782999, "GPP": 14.143350085894323, "GSP": 14.538366475581896, "GP2": 13.36567723632854, "HSP": 3.2127108084968192}}