{
    "C": {
        "USS": -51.024114591797606,
        "UPP": -39.032559351340154,
        "ZS": 1.8450597326670506,
        "ZP": 1.9769189228854454,
        "BETAS": -14.09725063550009,
        "BETAP": -7.526801493630579,
        "ALP": 2.3334001790802312,
        "GSS": 12.36866291117245,
        "GPP": 10.955969260307581,
        "GSP": 11.225174923256265,
        "GP2": 9.634977183845155,
        "HSP": 0.693223291092714
    },
    "H": {
        "USS": -12.041431260022135,
        "ZS": 1.30071388678186,
        "BETAS": -6.003198023270119,
        "ALP": 2.7332179781515937,
        "GSS": 13.64644747423566
    },
    "N": {
        "USS": -65.68505198103647,
        "UPP": -52.674542746406274,
        "ZS": 2.0983262360042643,
        "ZP": 2.088477998259785,
        "BETAS": -17.06399315453,
        "BETAP": -14.637045987290659,
        "ALP": 2.7397733594541647,
        "GSS": 12.896860998074608,
        "GPP": 12.68491059189076,
        "GSP": 11.842687556019458,
        "GP2": 11.067522538724726,
        "HSP": 3.262280194103358
    },
    "O": {
        "USS": -95.82456509223591,
        "UPP": -75.8477349768908,
        "ZS": 3.3818146050839495,
        "ZP": 2.7645119717748616,
        "BETAS": -35.544753475701,
        "BETAP": -24.325462517899574,
        "ALP": 3.6231691092798104,
        "GSS": 14.54569132629465,
        "GPP": 14.179309027292316,
        "GSP": 14.162324577376893,
        "GP2": 12.483364783593025,
        "HSP": 3.550742183469163
    }
}